{
    "animatedCoffin01": {
        "usableArea": [
            [[-0.1995, 0.011719, -1.101], [1.1995, 0.011719, 1.101]]
        ]
    },
    "chair01": {
        "usableArea": [
            [[-0.44505, 0.375, -0.525], [0.44505, 0.375, 0.1725]]
        ]
    },
    "chair02": {
        "usableArea": [
            [[-0.312497, 0.375, -0.385357], [0.312497, 0.375, 0.122455]]
        ]
    },
    "chair03": {
        "usableArea": [
            [[-0.312497, 0.375, -0.385357], [0.312497, 0.375, 0.122455]]
        ]
    },
    "coffin01": {
        "usableArea": [
            [[-0.1995, 0.011719, -1.101], [1.1995, 0.011719, 1.101]]
        ]
    },
    "couch01": {
        "usableArea": [
            [[-1.2888, 0.375, -0.525], [1.2888, 0.375, 0.1725]],
            [[-1.4808, 0.675, -0.54], [-1.2888, 0.675, 0.1875]],
            [[1.2888, 0.675, -0.54], [1.4808, 0.675, 0.1875]]
        ]
    },
    "couch02": {
        "usableArea": [
            [[-1.2888, 0.375, -0.525], [1.2888, 0.375, 0.1725]],
            [[-1.4808, 0.675, -0.54], [-1.2888, 0.675, 0.1875]],
            [[1.2888, 0.675, -0.54], [1.4808, 0.675, 0.1875]]
        ]
    },
    "lovesea01": {
        "usableArea": [
            [[-0.82005, 0.375, -0.525], [0.82005, 0.375, 0.1725]]
        ]
    },
    "mattress01": {
        "usableArea": [
            [[-0.575258, 0.195, -1.10144], [0.575258, 0.195, 0.195]]
        ]
    },
    "bedMattressFrame01": {
        "usableArea": [
            [[-0.575258, 0.375, -1.10144], [0.575258, 0.375, 0.195]]
        ]
    },
    "flatScreenMonitor01": {
        "videoMeshPosition": [0, 0.490128, -0.0715],
        "videoMeshWidth": 0.98,
        "videoMeshHeight": 0.6250
    },
    "pcModel30Monitor": {
        "videoMeshPosition": [0, 0.136567, -0.217],
        "videoMeshWidth": 0.98,
        "videoMeshHeight": 0.6250
    },
    "craftsmanCorner": {
        "collisionMesh": "craftsmanCornerCollision"
    },
    "craftsmanCornerNoTrim": {
        "collisionMesh": "craftsmanCornerCollision"
    },
    "craftsmanDoor": {
        "collisionMesh": "craftsmanDoorCollision"
    },
    "craftsmanDoorway": {
        "collisionMesh": "craftsmanDoorwayCollision"
    },
    "craftsmanDoorwayNoTrim": {
        "collisionMesh": "craftsmanDoorwayCollision"
    },
    "craftsmanFloorRailing": {
        "collisionMesh": "craftsmanFloorRailingCollision"
    },
    "craftsmanFloorRailingLeft": {
        "collisionMesh": "craftsmanFloorRailingLeftCollision"
    },
    "craftsmanFloorRailingRight": {
        "collisionMesh": "craftsmanFloorRailingRightCollision"
    },
    "craftsmanStairs": {
        "collisionMesh": "craftsmanStairsCollision"
    },
    "craftsmanStairsRailingLeft": {
        "collisionMesh": "craftsmanStairsRailingLeftCollision"
    },
    "craftsmanStairsRailingRight": {
        "collisionMesh": "craftsmanStairsRailingRightCollision"
    },
    "craftsmanStairWallCorner": {
        "collisionMesh": "craftsmanStairWallCornerCollision"
    },
    "craftsmanStairWallSide": {
        "collisionMesh": "craftsmanStairWallSideCollision"
    },
    "craftsmanWall": {
        "collisionMesh": "craftsmanWallCollision"
    },
    "craftsmanWallNoBaseboard": {
        "collisionMesh": "craftsmanWallCollision"
    },
    "craftsmanWallNoCrown": {
        "collisionMesh": "craftsmanWallCollision"
    },
    "craftsmanWallNoTrim": {
        "collisionMesh": "craftsmanWallCollision"
    },
    "craftsmanWindow": {
        "collisionMesh": "craftsmanWindowCollision"
    },
    "craftsmanWindowDouble": {
        "collisionMesh": "craftsmanWindowDoubleCollision"
    },
    "craftsmanWindowframe": {
        "collisionMesh": "craftsmanWindowframeCollision"
    },
    "craftsmanWindowframeNoTrim": {
        "collisionMesh": "craftsmanWindowframeCollision"
    },
    "craftsmanWindowLarge": {
        "collisionMesh": "craftsmanWindowLargeCollision"
    },
    "craftsmanWindowway": {
        "collisionMesh": "craftsmanWindowwayCollision"
    },
    "craftsmanWindowwayNoTrim": {
        "collisionMesh": "craftsmanWindowwayCollision"
    }
}